<?xml version="1.0" encoding="iso-8859-1" standalone="yes"?>
<sensors xmlns:xsi="http://www.w3.org/2001/XMLSchema-instance">
	<us0>
		<x>11</x>
		<y>45</y>
		<phi>-60</phi>
		<alpha>15</alpha>
	</us0>
	<us1>
		<x>6</x>
		<y>47</y>
		<phi>-30</phi>
		<alpha>15</alpha>
	</us1>
	<us2>
		<x>0</x>
		<y>48</y>
		<phi>0</phi>
		<alpha>15</alpha>
	</us2>
	<us3>
		<x>-6</x>
		<y>47</y>
		<phi>30</phi>
		<alpha>15</alpha>
	</us3>
	<us4>
		<x>-11</x>
		<y>45</y>
		<phi>60</phi>
		<alpha>15</alpha>
	</us4>
	<us6>
		<x>-16</x>
		<y>9</y>
		<phi>90</phi>
		<alpha>15</alpha>
	</us6>

	<us7>
		<x>11</x>
		<y>-15</y>
		<phi>-120</phi>
		<alpha>15</alpha>
	</us7>
	<us8>
		<x>0</x>
		<y>-16</y>
		<phi>-180</phi>
		<alpha>15</alpha>
	</us8>
	
</sensors>
