<?xml version="1.0" encoding="iso-8859-1" standalone="yes"?>
<calibration xmlns:xsi="http://www.w3.org/2001/XMLSchema-instance">
	<supportingPoints>		
		<point>
			<xValue>-30</xValue>
			<yValue>60</yValue>
		</point>	
		<point>
			<xValue>-20</xValue>
			<yValue>70</yValue>
		</point>	
		<point>
			<xValue>-10</xValue>
			<yValue>80</yValue>
		</point>	
		<point>
			<xValue>0</xValue>
			<yValue>90</yValue>
		</point>	
		<point>
			<xValue>10</xValue>
			<yValue>100</yValue>
		</point>	

		<point>
			<xValue>20</xValue>
			<yValue>110</yValue>
		</point>	

		<point>
			<xValue>30</xValue>
			<yValue>120</yValue>
		</point>
	</supportingPoints>
</calibration>
